id;name;email;domain_name;owner_name;message;work_language;status;created_on;created_by;updated_on;updated_by
1;input;Sebastian_Stiedemann6@yahoo.com;Ohio Towels;Fiji parsing system;State) Account;Account ADP Texas;Developer;2021-11-26T09:20:48;THX;2021-11-26T00:39:15;Soap
2;Rupee RAM Product;Linnie.Effertz89@yahoo.com;human-resource black;Nebraska;interfaces Mall AI;implement digital;Refined;2021-11-26T13:39:12;Loop;2021-11-26T16:53:42;Plastic Handmade Mali
3;Compatible;Mackenzie.Aufderhar42@gmail.com;Iraqi;repurpose deploy;open-source;challenge Rubber;Unbranded;2021-11-26T07:03:55;Customer overriding online;2021-11-26T02:37:51;Toys Jewelery
4;Cotton Spur;Tyra49@yahoo.com;circuit;Paradigm Zambian Shoes;Chair Beauty firewall;Account blockchains;Avon synthesize Applications;2021-11-26T10:26:16;Algeria;2021-11-26T11:48:45;Executive Chair
5;clicks-and-mortar foreground;Audra_Hermann37@gmail.com;multi-byte database standardization;Operations solution Clothing;Automotive payment;Small PCI Direct;morph payment;2021-11-26T17:35:19;bypassing;2021-11-26T12:35:54;Small salmon mobile
6;embrace pixel capacitor;Sonya.Lockman@hotmail.com;hack;Hat;SMS cutting-edge;Integration Small;Djibouti secondary Outdoors;2021-11-26T02:56:30;Tools;2021-11-26T03:49:26;target synthesizing
7;Brunei Carolina seize;Roy_Block2@yahoo.com;Re-contextualized;Australian;incubate;Botswana Ergonomic payment;Islands killer Accounts;2021-11-26T17:25:30;Loan Incredible iterate;2021-11-26T04:31:00;Clothing
8;relationships New Swaziland;Maureen_Smith@hotmail.com;Spurs;card;seize Tools Account;Legacy generating;compress array;2021-11-26T02:02:10;Sausages Steel Unbranded;2021-11-25T23:04:51;paradigm Integration
9;Maine Ergonomic navigate;Ernestine_Jakubowski@gmail.com;payment integrated France;payment Mouse Research;methodologies;wireless;online end-to-end;2021-11-26T19:09:06;yellow wireless Bacon;2021-11-26T09:58:27;COM strategic
10;even-keeled microchip;Minnie.Rutherford57@yahoo.com;Branding Djibouti;Producer;salmon schemas;Spain IB;system;2021-11-26T12:21:59;port;2021-11-25T23:48:59;generate blue
