id;phone_number;pan;aadhar;email;address;password;status;created_on;created_by;updated_on;updated_by
1;Assistant;Market;program payment User-friendly;Dee31@gmail.com;empower auxiliary experiences;Sahara;Kong deposit;2021-11-25T04:15:15;relationships dedicated users;2021-11-24T23:12:22;azure online fuchsia
2;Gorgeous copying;Lilangeni;California;Ozella.OKeefe81@yahoo.com;Front-line;quantifying transmit;Compatible Small;2021-11-25T01:27:32;Peso;2021-11-24T20:00:17;Dollar calculate Chair
3;Cheese Loan Lead;RSS COM;Court Loan Rustic;Mossie82@gmail.com;Island;African fuchsia;ivory deposit Horizontal;2021-11-24T22:31:20;Kenya UIC-Franc;2021-11-25T07:04:59;redefine
4;overriding Cotton;approach matrix Shoes;Virtual channels invoice;Clair.Schultz@yahoo.com;fuchsia International;Electronics;Small virtual Account;2021-11-25T13:49:05;Buckinghamshire SAS Personal;2021-11-25T05:39:19;parsing
5;New Human;deposit haptic Dynamic;Chief system-worthy;Stone40@hotmail.com;Account Maine Sausages;Carolina;monitor synthesizing;2021-11-25T04:55:31;Executive deliverables SAS;2021-11-25T17:36:15;orange
6;Oregon Loaf microchip;California invoice Investment;Afghani;Shaina.Weissnat@hotmail.com;Metal;Loop Soap online;turquoise User;2021-11-24T23:41:56;e-tailers;2021-11-24T21:22:22;Ville Minnesota array
7;Future Refined;transparent Peso;uniform quantify Wooden;Quincy_Waelchi82@hotmail.com;primary Lithuania quantify;edge Springs Clothing;Assistant Beauty;2021-11-25T15:46:35;open-source Health;2021-11-24T22:50:09;backing ability
8;(Malvinas) Lakes;blockchains;Central;Stefan.Osinski@yahoo.com;generating pixel;payment Pound Assistant;Frozen Plastic concept;2021-11-24T20:33:12;Account Concrete;2021-11-25T01:02:58;Brand payment navigating
9;Soft Tenge Fresh;withdrawal XSS;incentivize structure visualize;Maurine_OHara@yahoo.com;Lead Metal;Denmark Buckinghamshire;Tools parsing implementation;2021-11-25T03:54:18;Kiribati;2021-11-24T21:24:47;Multi-channelled Arizona
10;Afghanistan;Usability SDR;Specialist Ergonomic;Gaetano.Bergnaum5@gmail.com;actuating;utilize Dynamic;withdrawal;2021-11-25T02:15:17;deposit Concrete Plastic;2021-11-25T06:23:46;ADP
