id;first_name;middle_name;last_name;url;aadhar;address;status;created_on;created_by;updated_on;updated_by
1;Brent;content;Harber;https://royce.name;up Outdoors;azure;dynamic Suriname copy;2021-11-26T16:25:43;Uzbekistan quantify;2021-11-25T23:13:05;didactic
2;Milford;Incredible Gorgeous cohesive;Waelchi;http://fermin.info;Intelligent AGP;interactive program Mississippi;silver Unbranded withdrawal;2021-11-26T11:32:43;Dynamic;2021-11-26T14:54:48;Account out-of-the-box connecting
3;Korey;Nevada Rubber;Littel;https://edmund.net;Chair;Station Ergonomic;repurpose Concrete tolerance;2021-11-26T09:24:10;sensor Manager FTP;2021-11-26T16:32:15;Toys payment
4;Brielle;Rubber;Hansen;https://francis.org;New;Michigan;Regional Coordinator;2021-11-26T13:35:33;array installation Granite;2021-11-25T22:34:52;models
5;Roger;invoice Estate;Franecki;https://shaina.name;supply-chains foreground;state;Implemented;2021-11-25T18:16:03;Licensed Maryland Beauty;2021-11-26T15:17:36;Walks internet
6;Adelle;index tan Orchestrator;Schmeler;http://justice.name;toolset;microchip;withdrawal hour Agent;2021-11-26T12:58:25;orange Fresh EXE;2021-11-26T01:08:33;primary
7;Royce;metrics Illinois;Graham;https://fleta.name;Toys;Implementation;Licensed Agent navigate;2021-11-26T05:36:07;Fresh;2021-11-25T18:47:29;grey indigo
8;Domenick;B2C sexy;Hettinger;https://orlo.name;niches;strategy Consultant Legacy;Digitized dynamic;2021-11-26T10:24:44;Organized Rubber RAM;2021-11-26T11:57:59;Mews
9;Jalon;Palau initiatives connect;Barton;http://molly.net;Implemented;Leone Program Direct;Practical impactful;2021-11-25T22:27:06;optical;2021-11-26T05:40:14;open-source Ameliorated
10;Nellie;SMS Ferry;Leffler;https://javonte.org;Focused payment Movies;Shoes;monitor Money;2021-11-26T13:54:25;Generic;2021-11-26T05:42:43;capability COM
