id;phone_number;email;category;service_type;message;comments;status;created_on;created_by;updated_on;updated_by
1;bandwidth Loop;Joy.Daniel94@gmail.com;Metal Wisconsin Engineer;Exclusive;Director;redundant Islands Wooden;sky Pizza Secured;2021-11-26T02:09:17;gold Granite Kentucky;2021-11-25T20:46:51;seamless
2;Cotton Rubber;Meghan72@gmail.com;Analyst withdrawal Books;transmit interactive;value-added bandwidth-monitored Tools;state;Baby Ball;2021-11-25T19:49:48;Tome York;2021-11-26T12:43:19;Kids Senior
3;implement;Ocie12@hotmail.com;Wyoming primary intangible;Director;Licensed;Infrastructure;wireless XML;2021-11-26T00:18:35;Bedfordshire;2021-11-26T12:00:55;Junctions Operative
4;Configuration indigo;Jamal.Kihn27@yahoo.com;Investor HTTP transmitting;Licensed withdrawal reinvent;mesh;Sausages navigating;Clothing;2021-11-26T08:33:25;extend;2021-11-26T13:00:13;Berkshire Dollar neural
5;digital Dobra navigate;Destiney_King54@gmail.com;Grocery (Malvinas) revolutionary;Borders Jersey;Unbranded indexing;bypass Won;Nevada;2021-11-26T03:18:14;Chicken calculating;2021-11-26T12:26:02;Principal
6;matrix Bike Versatile;Neil.Boyer39@yahoo.com;ADP Forward;multi-byte primary America;Burgs Principal brand;firewall;parsing;2021-11-26T03:35:28;secondary Checking Spain;2021-11-26T07:38:21;sky wireless
7;monetize;Florencio51@hotmail.com;Junctions;York Rustic;olive Applications harness;cross-media Research;generate service-desk;2021-11-26T01:30:47;website;2021-11-26T09:31:32;turquoise
8;Buckinghamshire;Wyman0@yahoo.com;Frozen cultivate;Product;bypass;back-end TCP payment;leverage override;2021-11-26T09:19:16;Table Wisconsin;2021-11-26T10:17:25;Customizable
9;Gambia;Desmond_Carter2@gmail.com;Plastic;hacking Account GB;pixel Rubber;Georgia Soft;XML Books impactful;2021-11-25T21:35:27;uniform National;2021-11-25T22:38:19;Taiwan
10;American Checking;Stacey_Rosenbaum@gmail.com;Incredible Analyst Shirt;Health Ball;Future user-centric;Nevada;Industrial Outdoors;2021-11-26T04:04:43;synthesize multi-byte Algeria;2021-11-25T22:09:39;navigating Intranet bypassing
