id;first_name;last_name;email;password;username;skills;language;profile_url;one_line_description;describe_yourself;speak_language;born;address;city;state;zip_post_code;country;expriace;work_type;created_on;created_by;updated_on;updated_by;status
1;Evangeline;Blanda;Larry80@hotmail.com;Human demand-driven;e-commerce Cameroon bypassing;card Sports;attitude recontextualize;Arkansas e-markets Fundamental;Viaduct;AI Ergonomic Netherlands;Camp;2021-11-26;Account Steel Hawaii;West Margaretta;redundant Security Plastic;Arkansas Markets;Sudan;withdrawal e-commerce Supervisor;Netherlands virtual;2021-11-26T11:22:09;Loan;2021-11-26T07:35:09;Australian Secured Games;Small Administrator Polarised
2;William;Hegmann;Harvey.Schuster42@gmail.com;bandwidth Rustic;RSS;Loti;Bedfordshire e-tailers Checking;Buckinghamshire Lead;Executive plum collaborative;Open-architected;Forge granular Fantastic;2021-11-26;Avon;Janniefurt;Baby Bedfordshire wireless;one-to-one firewall;Tunisia;platforms quantifying;neural real-time Turkey;2021-11-26T05:30:58;Cross-group RSS;2021-11-26T14:22:05;Ireland Manors;transitional client-driven
3;Lauretta;Sporer;Dallin.Towne22@gmail.com;Malawi;Cambridgeshire e-enable navigate;Toys Qatari;Cross-group multi-byte ADP;Strategist matrices Carolina;deposit;bandwidth Berkshire Supervisor;Tokelau Rubber;2021-11-25;Expanded Stravenue invoice;Lake Billiefort;architectures;Automotive;Slovakia (Slovak Republic);Borders Specialist Generic;Infrastructure solutions Afghani;2021-11-26T11:29:54;Turkmenistan Arkansas;2021-11-26T04:05:01;strategy Handcrafted South;Plastic
4;Alyson;Kassulke;Carmela.Kassulke17@gmail.com;Borders;Home Exclusive payment;Facilitator;purple Ameliorated;interactive;program;Up-sized Specialist firewall;microchip Bike deposit;2021-11-25;relationships Credit Mobility;Gerlachshire;Outdoors;leading-edge Account;San Marino;District array;virtual;2021-11-26T06:48:17;Marketing Personal;2021-11-25T20:27:12;redundant;Creative Electronics TCP
5;Lorna;Steuber;Katrine31@gmail.com;Wooden;connect;Fish;utilisation Auto empower;Wooden;Wooden HTTP Fish;generate EXE Awesome;Cotton;2021-11-25;Account;North Leoraton;mission-critical Plastic Creative;Networked Down-sized and;Netherlands;Towels synergistic;backing;2021-11-26T08:15:21;hardware Accountability;2021-11-25T20:06:16;primary;wireless
6;Alexa;Bechtelar;Tiara_Greenfelder@gmail.com;Security Plastic;Organic Quality-focused;Berkshire;digital monetize Automated;panel firewall;Avon;Alaska EXE Multi-layered;Azerbaijanian pixel infomediaries;2021-11-26;Wyoming generate deposit;East Dane;invoice;orange optimizing Computer;Austria;Organic SSL Forks;Checking grey invoice;2021-11-26T04:43:59;deposit quantify heuristic;2021-11-25T20:14:16;copying;EXE Account microchip
7;Philip;Reynolds;Kelli.Strosin22@yahoo.com;online;Myanmar;programming;Dollar Rustic Bedfordshire;Concrete calculating Generic;bypassing orange;protocol Shilling Engineer;Hryvnia;2021-11-26;Small orchid;Lake Kailee;Gloves vertical;Account Executive matrix;Mayotte;intangible Parkway bandwidth;sexy;2021-11-25T22:05:17;Lock;2021-11-26T10:12:33;Granite value-added;Wooden
8;Kelvin;O'Hara;Rosie_Carter81@gmail.com;Loan Account;Ethiopia Granite demand-driven;fuchsia program (Malvinas);Avon;aggregate tan;redundant;Steel Bacon;multi-byte GB withdrawal;2021-11-26;Loan;Irmaberg;withdrawal redundant;Haven quantifying;Haiti;infrastructures deposit dynamic;Specialist Arkansas calculate;2021-11-26T00:11:10;Facilitator quantifying;2021-11-26T16:27:35;Director;utilisation
9;Rebekah;Raynor;Earline.Goodwin@yahoo.com;CSS Peso;New Plains Data;Granite grey;e-business Kids;Grass-roots didactic Rial;Quality;multi-byte;Unbranded SMS;2021-11-26;Tuna Technician;Peteside;Bike;Applications;Bulgaria;models Berkshire;Concrete;2021-11-26T04:31:04;Coordinator Loan;2021-11-26T07:20:21;Books Granite Ridges;Practical Lead
10;Saige;Schinner;Colton32@hotmail.com;Assistant;e-commerce De-engineered connect;bypass;Jewelery Awesome Account;De-engineered quantify;Granite Missouri HTTP;payment Bedfordshire middleware;throughput;2021-11-26;Refined ADP Sheqel;South Horacio;Global Indiana Refined;Account maximized;Wallis and Futuna;Franc;withdrawal Automotive;2021-11-26T11:04:51;Licensed SCSI content-based;2021-11-25T17:26:33;Cambridgeshire Utah Card;Hat Dominican
